{"train/loss": 0.4031, "train/learning_rate": 0.0, "train/epoch": 3.0, "train/global_step": 2382, "_timestamp": 1679066175.3941107, "_runtime": 12509.608531713486, "_step": 2382, "train/train_runtime": 12615.1361, "train/train_samples_per_second": 24.167, "train/train_steps_per_second": 0.189, "train/total_flos": 1.1071453981258547e+18, "train/train_loss": 0.6899283054893903, "_wandb": {"runtime": 12535}}